{
    "name": "root",
    "metadata": {
        "timer_format_version": "0.1.0",
        "start_time_seconds": "1740306236",
        "python_version": "3.9.9 (tags/v3.9.9:ccb0e6a, Nov 15 2021, 18:08:50) [MSC v.1929 64 bit (AMD64)]",
        "command_line_arguments": "C:\\Users\\6393126650\\AppData\\Local\\Programs\\Python\\Python39\\lib\\site-packages\\mlagents\\trainers\\learn.py config/ppo/SliderAgent.yaml --run-id=run2 --force",
        "mlagents_version": "0.30.0",
        "mlagents_envs_version": "0.30.0",
        "communication_protocol_version": "1.5.0",
        "pytorch_version": "1.7.1+cpu",
        "numpy_version": "1.21.2",
        "end_time_seconds": "1740306496"
    },
    "total": 259.7589429,
    "count": 1,
    "self": 0.005268600000022161,
    "children": {
        "run_training.setup": {
            "total": 0.07418460000000004,
            "count": 1,
            "self": 0.07418460000000004
        },
        "TrainerController.start_learning": {
            "total": 259.6794897,
            "count": 1,
            "self": 0.10787639999915655,
            "children": {
                "TrainerController._reset_env": {
                    "total": 12.2087275,
                    "count": 1,
                    "self": 12.2087275
                },
                "TrainerController.advance": {
                    "total": 247.27555970000077,
                    "count": 5351,
                    "self": 0.09474310000194919,
                    "children": {
                        "env_step": {
                            "total": 244.7655478999997,
                            "count": 5351,
                            "self": 240.99884969999965,
                            "children": {
                                "SubprocessEnvManager._take_step": {
                                    "total": 3.7005892000004525,
                                    "count": 5351,
                                    "self": 0.30431349999930113,
                                    "children": {
                                        "TorchPolicy.evaluate": {
                                            "total": 3.3962757000011514,
                                            "count": 5171,
                                            "self": 3.3962757000011514
                                        }
                                    }
                                },
                                "workers": {
                                    "total": 0.0661089999995923,
                                    "count": 5350,
                                    "self": 0.0,
                                    "children": {
                                        "worker_root": {
                                            "total": 163.6949514000001,
                                            "count": 5350,
                                            "is_parallel": true,
                                            "self": 11.052796500000255,
                                            "children": {
                                                "steps_from_proto": {
                                                    "total": 0.00022080000000102018,
                                                    "count": 1,
                                                    "is_parallel": true,
                                                    "self": 8.420000000164407e-05,
                                                    "children": {
                                                        "_process_rank_one_or_two_observation": {
                                                            "total": 0.0001365999999993761,
                                                            "count": 2,
                                                            "is_parallel": true,
                                                            "self": 0.0001365999999993761
                                                        }
                                                    }
                                                },
                                                "UnityEnvironment.step": {
                                                    "total": 152.64193409999984,
                                                    "count": 5350,
                                                    "is_parallel": true,
                                                    "self": 0.4257432999985724,
                                                    "children": {
                                                        "UnityEnvironment._generate_step_input": {
                                                            "total": 0.3176022000004117,
                                                            "count": 5350,
                                                            "is_parallel": true,
                                                            "self": 0.3176022000004117
                                                        },
                                                        "communicator.exchange": {
                                                            "total": 150.82899599999988,
                                                            "count": 5350,
                                                            "is_parallel": true,
                                                            "self": 150.82899599999988
                                                        },
                                                        "steps_from_proto": {
                                                            "total": 1.0695926000009806,
                                                            "count": 5350,
                                                            "is_parallel": true,
                                                            "self": 0.4490403000016343,
                                                            "children": {
                                                                "_process_rank_one_or_two_observation": {
                                                                    "total": 0.6205522999993462,
                                                                    "count": 10700,
                                                                    "is_parallel": true,
                                                                    "self": 0.6205522999993462
                                                                }
                                                            }
                                                        }
                                                    }
                                                }
                                            }
                                        }
                                    }
                                }
                            }
                        },
                        "trainer_advance": {
                            "total": 2.4152686999991317,
                            "count": 5350,
                            "self": 0.13863399999898007,
                            "children": {
                                "process_trajectory": {
                                    "total": 0.5776203000002127,
                                    "count": 5350,
                                    "self": 0.5776203000002127
                                },
                                "_update_policy": {
                                    "total": 1.699014399999939,
                                    "count": 9,
                                    "self": 0.924018599999961,
                                    "children": {
                                        "TorchPPOOptimizer.update": {
                                            "total": 0.7749957999999779,
                                            "count": 180,